Year,Month,Market_Group,Region,Channel_Level,Subchannel / Partner,Sales Employee / Account,Company_Group,Currency,Metric,Value_kEUR,Value_EUR,Date,,,,,,,,,,,,,,
2026,01/01/2026,Core Markets,Benelux,Unspecified,,,Company 1,EUR,Budget,142,142236,01/01/2026,,,,,,,,,,,,,,
2026,01/02/2026,Core Markets,Benelux,Unspecified,,,Company 1,EUR,Budget,171,170555,01/02/2026,,,,,,,,,,,,,,
2026,01/03/2026,Core Markets,Benelux,Unspecified,,,Company 1,EUR,Budget,211,211194,01/03/2026,,,,,,,,,,,,,,
2026,01/04/2026,Core Markets,Benelux,Unspecified,,,Company 1,EUR,Budget,181,180715,01/04/2026,,,,,,,,,,,,,,
2026,01/05/2026,Core Markets,Benelux,Unspecified,,,Company 1,EUR,Budget,191,190875,01/05/2026,,,,,,,,,,,,,,
2026,01/06/2026,Core Markets,Benelux,Unspecified,,,Company 1,EUR,Budget,171,170555,01/06/2026,,,,,,,,,,,,,,
2026,01/07/2026,Core Markets,Benelux,Unspecified,,,Company 1,EUR,Budget,171,170555,01/07/2026,,,,,,,,,,,,,,
2026,01/08/2026,Core Markets,Benelux,Unspecified,,,Company 1,EUR,Budget,136,136076,01/08/2026,,,,,,,,,,,,,,
2026,01/09/2026,Core Markets,Benelux,Unspecified,,,Company 1,EUR,Budget,205,205035,01/09/2026,,,,,,,,,,,,,,
2026,01/10/2026,Core Markets,Benelux,Unspecified,,,Company 1,EUR,Budget,213,213194,01/10/2026,,,,,,,,,,,,,,
2026,01/11/2026,Core Markets,Benelux,Unspecified,,,Company 1,EUR,Budget,189,188715,01/11/2026,,,,,,,,,,,,,,
2026,01/12/2026,Core Markets,Benelux,Unspecified,,,Company 1,EUR,Budget,152,152236,01/12/2026,,,,,,,,,,,,,,
2026,01/01/2026,Core Markets,France,Unspecified,,,Company 1,EUR,Budget,4,3850,01/01/2026,,,,,,,,,,,,,,
2026,01/02/2026,Core Markets,France,Unspecified,,,Company 1,EUR,Budget,12,12400,01/02/2026,,,,,,,,,,,,,,
2026,01/03/2026,Core Markets,France,Unspecified,,,Company 1,EUR,Budget,14,13500,01/03/2026,,,,,,,,,,,,,,
2026,01/04/2026,Core Markets,France,Unspecified,,,Company 1,EUR,Budget,13,12675,01/04/2026,,,,,,,,,,,,,,
2026,01/05/2026,Core Markets,France,Unspecified,,,Company 1,EUR,Budget,21,20950,01/05/2026,,,,,,,,,,,,,,
2026,01/06/2026,Core Markets,France,Unspecified,,,Company 1,EUR,Budget,18,18400,01/06/2026,,,,,,,,,,,,,,
2026,01/07/2026,Core Markets,France,Unspecified,,,Company 1,EUR,Budget,12,12400,01/07/2026,,,,,,,,,,,,,,
2026,01/08/2026,Core Markets,France,Unspecified,,,Company 1,EUR,Budget,8,7575,01/08/2026,,,,,,,,,,,,,,
2026,01/09/2026,Core Markets,France,Unspecified,,,Company 1,EUR,Budget,17,17225,01/09/2026,,,,,,,,,,,,,,
2026,01/10/2026,Core Markets,France,Unspecified,,,Company 1,EUR,Budget,22,21500,01/10/2026,,,,,,,,,,,,,,
2026,01/11/2026,Core Markets,France,Unspecified,,,Company 1,EUR,Budget,21,20675,01/11/2026,,,,,,,,,,,,,,
2026,01/12/2026,Core Markets,France,Unspecified,,,Company 1,EUR,Budget,14,13850,01/12/2026,,,,,,,,,,,,,,
2026,01/01/2026,Core Markets,Germany,Unspecified,,,Company 1,EUR,Budget,312,312267,01/01/2026,,,,,,,,,,,,,,
2026,01/02/2026,Core Markets,Germany,Unspecified,,,Company 1,EUR,Budget,380,379876,01/02/2026,,,,,,,,,,,,,,
2026,01/03/2026,Core Markets,Germany,Unspecified,,,Company 1,EUR,Budget,470,470096,01/03/2026,,,,,,,,,,,,,,
2026,01/04/2026,Core Markets,Germany,Unspecified,,,Company 1,EUR,Budget,403,403181,01/04/2026,,,,,,,,,,,,,,
2026,01/05/2026,Core Markets,Germany,Unspecified,,,Company 1,EUR,Budget,426,426486,01/05/2026,,,,,,,,,,,,,,
2026,01/06/2026,Core Markets,Germany,Unspecified,,,Company 1,EUR,Budget,383,382876,01/06/2026,,,,,,,,,,,,,,
2026,01/07/2026,Core Markets,Germany,Unspecified,,,Company 1,EUR,Budget,382,381876,01/07/2026,,,,,,,,,,,,,,
2026,01/08/2026,Core Markets,Germany,Unspecified,,,Company 1,EUR,Budget,303,302962,01/08/2026,,,,,,,,,,,,,,
2026,01/09/2026,Core Markets,Germany,Unspecified,,,Company 1,EUR,Budget,464,463791,01/09/2026,,,,,,,,,,,,,,
2026,01/10/2026,Core Markets,Germany,Unspecified,,,Company 1,EUR,Budget,482,482096,01/10/2026,,,,,,,,,,,,,,
2026,01/11/2026,Core Markets,Germany,Unspecified,,,Company 1,EUR,Budget,423,423181,01/11/2026,,,,,,,,,,,,,,
2026,01/12/2026,Core Markets,Germany,Unspecified,,,Company 1,EUR,Budget,342,342267,01/12/2026,,,,,,,,,,,,,,
2026,01/01/2026,Core Markets,Italy,Unspecified,,,Company 1,EUR,Budget,1,1050,01/01/2026,,,,,,,,,,,,,,
2026,01/02/2026,Core Markets,Italy,Unspecified,,,Company 1,EUR,Budget,5,5200,01/02/2026,,,,,,,,,,,,,,
2026,01/03/2026,Core Markets,Italy,Unspecified,,,Company 1,EUR,Budget,6,5500,01/03/2026,,,,,,,,,,,,,,
2026,01/04/2026,Core Markets,Italy,Unspecified,,,Company 1,EUR,Budget,5,5275,01/04/2026,,,,,,,,,,,,,,
2026,01/05/2026,Core Markets,Italy,Unspecified,,,Company 1,EUR,Budget,10,10350,01/05/2026,,,,,,,,,,,,,,
2026,01/06/2026,Core Markets,Italy,Unspecified,,,Company 1,EUR,Budget,8,8200,01/06/2026,,,,,,,,,,,,,,
2026,01/07/2026,Core Markets,Italy,Unspecified,,,Company 1,EUR,Budget,5,5200,01/07/2026,,,,,,,,,,,,,,
2026,01/08/2026,Core Markets,Italy,Unspecified,,,Company 1,EUR,Budget,3,2975,01/08/2026,,,,,,,,,,,,,,
2026,01/09/2026,Core Markets,Italy,Unspecified,,,Company 1,EUR,Budget,7,7425,01/09/2026,,,,,,,,,,,,,,
2026,01/10/2026,Core Markets,Italy,Unspecified,,,Company 1,EUR,Budget,9,8500,01/10/2026,,,,,,,,,,,,,,
2026,01/11/2026,Core Markets,Italy,Unspecified,,,Company 1,EUR,Budget,9,9275,01/11/2026,,,,,,,,,,,,,,
2026,01/12/2026,Core Markets,Italy,Unspecified,,,Company 1,EUR,Budget,6,6050,01/12/2026,,,,,,,,,,,,,,
2026,01/01/2026,Core Markets,Spain,Unspecified,,,Company 1,EUR,Budget,12,12250,01/01/2026,,,,,,,,,,,,,,
2026,01/02/2026,Core Markets,Spain,Unspecified,,,Company 1,EUR,Budget,18,18000,01/02/2026,,,,,,,,,,,,,,
2026,01/03/2026,Core Markets,Spain,Unspecified,,,Company 1,EUR,Budget,22,21500,01/03/2026,,,,,,,,,,,,,,
2026,01/04/2026,Core Markets,Spain,Unspecified,,,Company 1,EUR,Budget,19,18875,01/04/2026,,,,,,,,,,,,,,
2026,01/05/2026,Core Markets,Spain,Unspecified,,,Company 1,EUR,Budget,20,19750,01/05/2026,,,,,,,,,,,,,,
2026,01/06/2026,Core Markets,Spain,Unspecified,,,Company 1,EUR,Budget,18,18000,01/06/2026,,,,,,,,,,,,,,
2026,01/07/2026,Core Markets,Spain,Unspecified,,,Company 1,EUR,Budget,18,18000,01/07/2026,,,,,,,,,,,,,,
2026,01/08/2026,Core Markets,Spain,Unspecified,,,Company 1,EUR,Budget,13,13375,01/08/2026,,,,,,,,,,,,,,
2026,01/09/2026,Core Markets,Spain,Unspecified,,,Company 1,EUR,Budget,23,22625,01/09/2026,,,,,,,,,,,,,,
2026,01/10/2026,Core Markets,Spain,Unspecified,,,Company 1,EUR,Budget,23,22500,01/10/2026,,,,,,,,,,,,,,
2026,01/11/2026,Core Markets,Spain,Unspecified,,,Company 1,EUR,Budget,23,22875,01/11/2026,,,,,,,,,,,,,,
2026,01/12/2026,Core Markets,Spain,Unspecified,,,Company 1,EUR,Budget,17,17250,01/12/2026,,,,,,,,,,,,,,
2026,01/01/2026,Core Markets,Switzerland,Unspecified,,,Company 1,EUR,Budget,52,51639,01/01/2026,,,,,,,,,,,,,,
2026,01/02/2026,Core Markets,Switzerland,Unspecified,,,Company 1,EUR,Budget,67,67415,01/02/2026,,,,,,,,,,,,,,
2026,01/03/2026,Core Markets,Switzerland,Unspecified,,,Company 1,EUR,Budget,83,83219,01/03/2026,,,,,,,,,,,,,,
2026,01/04/2026,Core Markets,Switzerland,Unspecified,,,Company 1,EUR,Budget,72,72154,01/04/2026,,,,,,,,,,,,,,
2026,01/05/2026,Core Markets,Switzerland,Unspecified,,,Company 1,EUR,Budget,76,76367,01/05/2026,,,,,,,,,,,,,,
2026,01/06/2026,Core Markets,Switzerland,Unspecified,,,Company 1,EUR,Budget,69,68990,01/06/2026,,,,,,,,,,,,,,
2026,01/07/2026,Core Markets,Switzerland,Unspecified,,,Company 1,EUR,Budget,67,67415,01/07/2026,,,,,,,,,,,,,,
2026,01/08/2026,Core Markets,Switzerland,Unspecified,,,Company 1,EUR,Budget,52,52150,01/08/2026,,,,,,,,,,,,,,
2026,01/09/2026,Core Markets,Switzerland,Unspecified,,,Company 1,EUR,Budget,83,82681,01/09/2026,,,,,,,,,,,,,,
2026,01/10/2026,Core Markets,Switzerland,Unspecified,,,Company 1,EUR,Budget,84,84269,01/10/2026,,,,,,,,,,,,,,
2026,01/11/2026,Core Markets,Switzerland,Unspecified,,,Company 1,EUR,Budget,80,79504,01/11/2026,,,,,,,,,,,,,,
2026,01/12/2026,Core Markets,Switzerland,Unspecified,,,Company 1,EUR,Budget,62,62139,01/12/2026,,,,,,,,,,,,,,
2026,01/01/2026,eCommerce,eCommerce (excl. USA),Unspecified,,,Company 3,EUR,Budget,68,68000,01/01/2026,,,,,,,,,,,,,,
2026,01/02/2026,eCommerce,eCommerce (excl. USA),Unspecified,,,Company 3,EUR,Budget,64,64000,01/02/2026,,,,,,,,,,,,,,
2026,01/03/2026,eCommerce,eCommerce (excl. USA),Unspecified,,,Company 3,EUR,Budget,61,61000,01/03/2026,,,,,,,,,,,,,,
2026,01/04/2026,eCommerce,eCommerce (excl. USA),Unspecified,,,Company 3,EUR,Budget,48,48000,01/04/2026,,,,,,,,,,,,,,
2026,01/05/2026,eCommerce,eCommerce (excl. USA),Unspecified,,,Company 3,EUR,Budget,56,56000,01/05/2026,,,,,,,,,,,,,,
2026,01/06/2026,eCommerce,eCommerce (excl. USA),Unspecified,,,Company 3,EUR,Budget,50,50000,01/06/2026,,,,,,,,,,,,,,
2026,01/07/2026,eCommerce,eCommerce (excl. USA),Unspecified,,,Company 3,EUR,Budget,53,53000,01/07/2026,,,,,,,,,,,,,,
2026,01/08/2026,eCommerce,eCommerce (excl. USA),Unspecified,,,Company 3,EUR,Budget,54,54000,01/08/2026,,,,,,,,,,,,,,
2026,01/09/2026,eCommerce,eCommerce (excl. USA),Unspecified,,,Company 3,EUR,Budget,58,58000,01/09/2026,,,,,,,,,,,,,,
2026,01/10/2026,eCommerce,eCommerce (excl. USA),Unspecified,,,Company 3,EUR,Budget,66,66000,01/10/2026,,,,,,,,,,,,,,
2026,01/11/2026,eCommerce,eCommerce (excl. USA),Unspecified,,,Company 3,EUR,Budget,90,90000,01/11/2026,,,,,,,,,,,,,,
2026,01/12/2026,eCommerce,eCommerce (excl. USA),Unspecified,,,Company 3,EUR,Budget,80,80000,01/12/2026,,,,,,,,,,,,,,
2026,01/01/2026,Export,Distributor - APAC,Unspecified,,,Company 2,EUR,Budget,0,0,01/01/2026,,,,,,,,,,,,,,
2026,01/02/2026,Export,Distributor - APAC,Unspecified,,,Company 2,EUR,Budget,0,0,01/02/2026,,,,,,,,,,,,,,
2026,01/03/2026,Export,Distributor - APAC,Unspecified,,,Company 2,EUR,Budget,0,0,01/03/2026,,,,,,,,,,,,,,
2026,01/04/2026,Export,Distributor - APAC,Unspecified,,,Company 2,EUR,Budget,0,0,01/04/2026,,,,,,,,,,,,,,
2026,01/05/2026,Export,Distributor - APAC,Unspecified,,,Company 2,EUR,Budget,0,0,01/05/2026,,,,,,,,,,,,,,
2026,01/06/2026,Export,Distributor - APAC,Unspecified,,,Company 2,EUR,Budget,15,15000,01/06/2026,,,,,,,,,,,,,,
2026,01/07/2026,Export,Distributor - APAC,Unspecified,,,Company 2,EUR,Budget,15,15000,01/07/2026,,,,,,,,,,,,,,
2026,01/08/2026,Export,Distributor - APAC,Unspecified,,,Company 2,EUR,Budget,15,15000,01/08/2026,,,,,,,,,,,,,,
2026,01/09/2026,Export,Distributor - APAC,Unspecified,,,Company 2,EUR,Budget,22,22000,01/09/2026,,,,,,,,,,,,,,
2026,01/10/2026,Export,Distributor - APAC,Unspecified,,,Company 2,EUR,Budget,22,22000,01/10/2026,,,,,,,,,,,,,,
2026,01/11/2026,Export,Distributor - APAC,Unspecified,,,Company 2,EUR,Budget,29,29000,01/11/2026,,,,,,,,,,,,,,
2026,01/12/2026,Export,Distributor - APAC,Unspecified,,,Company 2,EUR,Budget,29,29000,01/12/2026,,,,,,,,,,,,,,
2026,01/01/2026,Export,Distributor - Austria,Unspecified,,,Company 1,EUR,Budget,39,39000,01/01/2026,,,,,,,,,,,,,,
2026,01/02/2026,Export,Distributor - Austria,Unspecified,,,Company 1,EUR,Budget,39,39000,01/02/2026,,,,,,,,,,,,,,
2026,01/03/2026,Export,Distributor - Austria,Unspecified,,,Company 1,EUR,Budget,39,39000,01/03/2026,,,,,,,,,,,,,,
2026,01/04/2026,Export,Distributor - Austria,Unspecified,,,Company 1,EUR,Budget,39,39000,01/04/2026,,,,,,,,,,,,,,
2026,01/05/2026,Export,Distributor - Austria,Unspecified,,,Company 1,EUR,Budget,26,26000,01/05/2026,,,,,,,,,,,,,,
2026,01/06/2026,Export,Distributor - Austria,Unspecified,,,Company 1,EUR,Budget,43,43000,01/06/2026,,,,,,,,,,,,,,
2026,01/07/2026,Export,Distributor - Austria,Unspecified,,,Company 1,EUR,Budget,17,17000,01/07/2026,,,,,,,,,,,,,,
2026,01/08/2026,Export,Distributor - Austria,Unspecified,,,Company 1,EUR,Budget,17,17000,01/08/2026,,,,,,,,,,,,,,
2026,01/09/2026,Export,Distributor - Austria,Unspecified,,,Company 1,EUR,Budget,34,34000,01/09/2026,,,,,,,,,,,,,,
2026,01/10/2026,Export,Distributor - Austria,Unspecified,,,Company 1,EUR,Budget,52,52000,01/10/2026,,,,,,,,,,,,,,
2026,01/11/2026,Export,Distributor - Austria,Unspecified,,,Company 1,EUR,Budget,43,43000,01/11/2026,,,,,,,,,,,,,,
2026,01/12/2026,Export,Distributor - Austria,Unspecified,,,Company 1,EUR,Budget,43,43000,01/12/2026,,,,,,,,,,,,,,
2026,01/01/2026,Export,Distributor - China,Unspecified,,,Company 2,EUR,Budget,24,24000,01/01/2026,,,,,,,,,,,,,,
2026,01/02/2026,Export,Distributor - China,Unspecified,,,Company 2,EUR,Budget,24,24000,01/02/2026,,,,,,,,,,,,,,
2026,01/03/2026,Export,Distributor - China,Unspecified,,,Company 2,EUR,Budget,26,26000,01/03/2026,,,,,,,,,,,,,,
2026,01/04/2026,Export,Distributor - China,Unspecified,,,Company 2,EUR,Budget,34,34000,01/04/2026,,,,,,,,,,,,,,
2026,01/05/2026,Export,Distributor - China,Unspecified,,,Company 2,EUR,Budget,64,64000,01/05/2026,,,,,,,,,,,,,,
2026,01/06/2026,Export,Distributor - China,Unspecified,,,Company 2,EUR,Budget,48,48000,01/06/2026,,,,,,,,,,,,,,
2026,01/07/2026,Export,Distributor - China,Unspecified,,,Company 2,EUR,Budget,48,48000,01/07/2026,,,,,,,,,,,,,,
2026,01/08/2026,Export,Distributor - China,Unspecified,,,Company 2,EUR,Budget,48,48000,01/08/2026,,,,,,,,,,,,,,
2026,01/09/2026,Export,Distributor - China,Unspecified,,,Company 2,EUR,Budget,200,200000,01/09/2026,,,,,,,,,,,,,,
2026,01/10/2026,Export,Distributor - China,Unspecified,,,Company 2,EUR,Budget,120,120000,01/10/2026,,,,,,,,,,,,,,
2026,01/11/2026,Export,Distributor - China,Unspecified,,,Company 2,EUR,Budget,80,80000,01/11/2026,,,,,,,,,,,,,,
2026,01/12/2026,Export,Distributor - China,Unspecified,,,Company 2,EUR,Budget,80,80000,01/12/2026,,,,,,,,,,,,,,
2026,01/01/2026,Export,Export - Direct business,Unspecified,,,Company 1,EUR,Budget,3,3000,01/01/2026,,,,,,,,,,,,,,
2026,01/02/2026,Export,Export - Direct business,Unspecified,,,Company 1,EUR,Budget,3,3000,01/02/2026,,,,,,,,,,,,,,
2026,01/03/2026,Export,Export - Direct business,Unspecified,,,Company 1,EUR,Budget,3,3000,01/03/2026,,,,,,,,,,,,,,
2026,01/04/2026,Export,Export - Direct business,Unspecified,,,Company 1,EUR,Budget,3,3000,01/04/2026,,,,,,,,,,,,,,
2026,01/05/2026,Export,Export - Direct business,Unspecified,,,Company 1,EUR,Budget,3,3000,01/05/2026,,,,,,,,,,,,,,
2026,01/06/2026,Export,Export - Direct business,Unspecified,,,Company 1,EUR,Budget,2,2000,01/06/2026,,,,,,,,,,,,,,
2026,01/07/2026,Export,Export - Direct business,Unspecified,,,Company 1,EUR,Budget,2,2000,01/07/2026,,,,,,,,,,,,,,
2026,01/08/2026,Export,Export - Direct business,Unspecified,,,Company 1,EUR,Budget,2,2000,01/08/2026,,,,,,,,,,,,,,
2026,01/09/2026,Export,Export - Direct business,Unspecified,,,Company 1,EUR,Budget,3,3000,01/09/2026,,,,,,,,,,,,,,
2026,01/10/2026,Export,Export - Direct business,Unspecified,,,Company 1,EUR,Budget,3,3000,01/10/2026,,,,,,,,,,,,,,
2026,01/11/2026,Export,Export - Direct business,Unspecified,,,Company 1,EUR,Budget,3,3000,01/11/2026,,,,,,,,,,,,,,
2026,01/12/2026,Export,Export - Direct business,Unspecified,,,Company 1,EUR,Budget,2,2000,01/12/2026,,,,,,,,,,,,,,
2026,01/01/2026,Export,Distributor - Middle East,Unspecified,,,Company 2,EUR,Budget,18,18000,01/01/2026,,,,,,,,,,,,,,
2026,01/02/2026,Export,Distributor - Middle East,Unspecified,,,Company 2,EUR,Budget,18,18000,01/02/2026,,,,,,,,,,,,,,
2026,01/03/2026,Export,Distributor - Middle East,Unspecified,,,Company 2,EUR,Budget,18,18000,01/03/2026,,,,,,,,,,,,,,
2026,01/04/2026,Export,Distributor - Middle East,Unspecified,,,Company 2,EUR,Budget,18,18000,01/04/2026,,,,,,,,,,,,,,
2026,01/05/2026,Export,Distributor - Middle East,Unspecified,,,Company 2,EUR,Budget,12,12000,01/05/2026,,,,,,,,,,,,,,
2026,01/06/2026,Export,Distributor - Middle East,Unspecified,,,Company 2,EUR,Budget,20,20000,01/06/2026,,,,,,,,,,,,,,
2026,01/07/2026,Export,Distributor - Middle East,Unspecified,,,Company 2,EUR,Budget,8,8000,01/07/2026,,,,,,,,,,,,,,
2026,01/08/2026,Export,Distributor - Middle East,Unspecified,,,Company 2,EUR,Budget,8,8000,01/08/2026,,,,,,,,,,,,,,
2026,01/09/2026,Export,Distributor - Middle East,Unspecified,,,Company 2,EUR,Budget,16,16000,01/09/2026,,,,,,,,,,,,,,
2026,01/10/2026,Export,Distributor - Middle East,Unspecified,,,Company 2,EUR,Budget,24,24000,01/10/2026,,,,,,,,,,,,,,
2026,01/11/2026,Export,Distributor - Middle East,Unspecified,,,Company 2,EUR,Budget,20,20000,01/11/2026,,,,,,,,,,,,,,
2026,01/12/2026,Export,Distributor - Middle East,Unspecified,,,Company 2,EUR,Budget,20,20000,01/12/2026,,,,,,,,,,,,,,
2026,01/01/2026,Export,Distributor - New,Unspecified,,,Company 1,EUR,Budget,0,0,01/01/2026,,,,,,,,,,,,,,
2026,01/02/2026,Export,Distributor - New,Unspecified,,,Company 1,EUR,Budget,0,0,01/02/2026,,,,,,,,,,,,,,
2026,01/03/2026,Export,Distributor - New,Unspecified,,,Company 1,EUR,Budget,0,0,01/03/2026,,,,,,,,,,,,,,
2026,01/04/2026,Export,Distributor - New,Unspecified,,,Company 1,EUR,Budget,0,0,01/04/2026,,,,,,,,,,,,,,
2026,01/05/2026,Export,Distributor - New,Unspecified,,,Company 1,EUR,Budget,0,0,01/05/2026,,,,,,,,,,,,,,
2026,01/06/2026,Export,Distributor - New,Unspecified,,,Company 1,EUR,Budget,2,2000,01/06/2026,,,,,,,,,,,,,,
2026,01/07/2026,Export,Distributor - New,Unspecified,,,Company 1,EUR,Budget,2,2000,01/07/2026,,,,,,,,,,,,,,
2026,01/08/2026,Export,Distributor - New,Unspecified,,,Company 1,EUR,Budget,2,2000,01/08/2026,,,,,,,,,,,,,,
2026,01/09/2026,Export,Distributor - New,Unspecified,,,Company 1,EUR,Budget,3,3000,01/09/2026,,,,,,,,,,,,,,
2026,01/10/2026,Export,Distributor - New,Unspecified,,,Company 1,EUR,Budget,3,3000,01/10/2026,,,,,,,,,,,,,,
2026,01/11/2026,Export,Distributor - New,Unspecified,,,Company 1,EUR,Budget,4,4000,01/11/2026,,,,,,,,,,,,,,
2026,01/12/2026,Export,Distributor - New,Unspecified,,,Company 1,EUR,Budget,4,4000,01/12/2026,,,,,,,,,,,,,,
2026,01/01/2026,Export,Distributor - Other EU,Unspecified,,,Company 1,EUR,Budget,37,37000,01/01/2026,,,,,,,,,,,,,,
2026,01/02/2026,Export,Distributor - Other EU,Unspecified,,,Company 1,EUR,Budget,32,32000,01/02/2026,,,,,,,,,,,,,,
2026,01/03/2026,Export,Distributor - Other EU,Unspecified,,,Company 1,EUR,Budget,46,46000,01/03/2026,,,,,,,,,,,,,,
2026,01/04/2026,Export,Distributor - Other EU,Unspecified,,,Company 1,EUR,Budget,41,41000,01/04/2026,,,,,,,,,,,,,,
2026,01/05/2026,Export,Distributor - Other EU,Unspecified,,,Company 1,EUR,Budget,41,41000,01/05/2026,,,,,,,,,,,,,,
2026,01/06/2026,Export,Distributor - Other EU,Unspecified,,,Company 1,EUR,Budget,37,37000,01/06/2026,,,,,,,,,,,,,,
2026,01/07/2026,Export,Distributor - Other EU,Unspecified,,,Company 1,EUR,Budget,37,37000,01/07/2026,,,,,,,,,,,,,,
2026,01/08/2026,Export,Distributor - Other EU,Unspecified,,,Company 1,EUR,Budget,27,27000,01/08/2026,,,,,,,,,,,,,,
2026,01/09/2026,Export,Distributor - Other EU,Unspecified,,,Company 1,EUR,Budget,41,41000,01/09/2026,,,,,,,,,,,,,,
2026,01/10/2026,Export,Distributor - Other EU,Unspecified,,,Company 1,EUR,Budget,46,46000,01/10/2026,,,,,,,,,,,,,,
2026,01/11/2026,Export,Distributor - Other EU,Unspecified,,,Company 1,EUR,Budget,41,41000,01/11/2026,,,,,,,,,,,,,,
2026,01/12/2026,Export,Distributor - Other EU,Unspecified,,,Company 1,EUR,Budget,32,32000,01/12/2026,,,,,,,,,,,,,,
2026,01/01/2026,Export,Distributor - Other ROW,Unspecified,,,Company 1,EUR,Budget,2,2000,01/01/2026,,,,,,,,,,,,,,
2026,01/02/2026,Export,Distributor - Other ROW,Unspecified,,,Company 1,EUR,Budget,2,2000,01/02/2026,,,,,,,,,,,,,,
2026,01/03/2026,Export,Distributor - Other ROW,Unspecified,,,Company 1,EUR,Budget,3,3000,01/03/2026,,,,,,,,,,,,,,
2026,01/04/2026,Export,Distributor - Other ROW,Unspecified,,,Company 1,EUR,Budget,3,3000,01/04/2026,,,,,,,,,,,,,,
2026,01/05/2026,Export,Distributor - Other ROW,Unspecified,,,Company 1,EUR,Budget,3,3000,01/05/2026,,,,,,,,,,,,,,
2026,01/06/2026,Export,Distributor - Other ROW,Unspecified,,,Company 1,EUR,Budget,2,2000,01/06/2026,,,,,,,,,,,,,,
2026,01/07/2026,Export,Distributor - Other ROW,Unspecified,,,Company 1,EUR,Budget,2,2000,01/07/2026,,,,,,,,,,,,,,
2026,01/08/2026,Export,Distributor - Other ROW,Unspecified,,,Company 1,EUR,Budget,2,2000,01/08/2026,,,,,,,,,,,,,,
2026,01/09/2026,Export,Distributor - Other ROW,Unspecified,,,Company 1,EUR,Budget,3,3000,01/09/2026,,,,,,,,,,,,,,
2026,01/10/2026,Export,Distributor - Other ROW,Unspecified,,,Company 1,EUR,Budget,3,3000,01/10/2026,,,,,,,,,,,,,,
2026,01/11/2026,Export,Distributor - Other ROW,Unspecified,,,Company 1,EUR,Budget,3,3000,01/11/2026,,,,,,,,,,,,,,
2026,01/12/2026,Export,Distributor - Other ROW,Unspecified,,,Company 1,EUR,Budget,2,2000,01/12/2026,,,,,,,,,,,,,,
2026,01/01/2026,Export,Distributor - Russia,Unspecified,,,Company 1,EUR,Budget,0,0,01/01/2026,,,,,,,,,,,,,,
2026,01/02/2026,Export,Distributor - Russia,Unspecified,,,Company 1,EUR,Budget,70,70000,01/02/2026,,,,,,,,,,,,,,
2026,01/03/2026,Export,Distributor - Russia,Unspecified,,,Company 1,EUR,Budget,0,0,01/03/2026,,,,,,,,,,,,,,
2026,01/04/2026,Export,Distributor - Russia,Unspecified,,,Company 1,EUR,Budget,0,0,01/04/2026,,,,,,,,,,,,,,
2026,01/05/2026,Export,Distributor - Russia,Unspecified,,,Company 1,EUR,Budget,88,88000,01/05/2026,,,,,,,,,,,,,,
2026,01/06/2026,Export,Distributor - Russia,Unspecified,,,Company 1,EUR,Budget,0,0,01/06/2026,,,,,,,,,,,,,,
2026,01/07/2026,Export,Distributor - Russia,Unspecified,,,Company 1,EUR,Budget,0,0,01/07/2026,,,,,,,,,,,,,,
2026,01/08/2026,Export,Distributor - Russia,Unspecified,,,Company 1,EUR,Budget,105,105000,01/08/2026,,,,,,,,,,,,,,
2026,01/09/2026,Export,Distributor - Russia,Unspecified,,,Company 1,EUR,Budget,0,0,01/09/2026,,,,,,,,,,,,,,
2026,01/10/2026,Export,Distributor - Russia,Unspecified,,,Company 1,EUR,Budget,0,0,01/10/2026,,,,,,,,,,,,,,
2026,01/11/2026,Export,Distributor - Russia,Unspecified,,,Company 1,EUR,Budget,88,88000,01/11/2026,,,,,,,,,,,,,,
2026,01/12/2026,Export,Distributor - Russia,Unspecified,,,Company 1,EUR,Budget,0,0,01/12/2026,,,,,,,,,,,,,,
2026,01/01/2026,Export,Distributor - South Africa,Unspecified,,,Company 1,EUR,Budget,0,0,01/01/2026,,,,,,,,,,,,,,
2026,01/02/2026,Export,Distributor - South Africa,Unspecified,,,Company 1,EUR,Budget,100,100000,01/02/2026,,,,,,,,,,,,,,
2026,01/03/2026,Export,Distributor - South Africa,Unspecified,,,Company 1,EUR,Budget,75,75000,01/03/2026,,,,,,,,,,,,,,
2026,01/04/2026,Export,Distributor - South Africa,Unspecified,,,Company 1,EUR,Budget,0,0,01/04/2026,,,,,,,,,,,,,,
2026,01/05/2026,Export,Distributor - South Africa,Unspecified,,,Company 1,EUR,Budget,75,75000,01/05/2026,,,,,,,,,,,,,,
2026,01/06/2026,Export,Distributor - South Africa,Unspecified,,,Company 1,EUR,Budget,75,75000,01/06/2026,,,,,,,,,,,,,,
2026,01/07/2026,Export,Distributor - South Africa,Unspecified,,,Company 1,EUR,Budget,0,0,01/07/2026,,,,,,,,,,,,,,
2026,01/08/2026,Export,Distributor - South Africa,Unspecified,,,Company 1,EUR,Budget,63,63000,01/08/2026,,,,,,,,,,,,,,
2026,01/09/2026,Export,Distributor - South Africa,Unspecified,,,Company 1,EUR,Budget,0,0,01/09/2026,,,,,,,,,,,,,,
2026,01/10/2026,Export,Distributor - South Africa,Unspecified,,,Company 1,EUR,Budget,88,88000,01/10/2026,,,,,,,,,,,,,,
2026,01/11/2026,Export,Distributor - South Africa,Unspecified,,,Company 1,EUR,Budget,75,75000,01/11/2026,,,,,,,,,,,,,,
2026,01/12/2026,Export,Distributor - South Africa,Unspecified,,,Company 1,EUR,Budget,75,75000,01/12/2026,,,,,,,,,,,,,,
2026,01/01/2026,UK,Global eTailers,Unspecified,,,Company 3,EUR,Budget,3,3000,01/01/2026,,,,,,,,,,,,,,
2026,01/02/2026,UK,Global eTailers,Unspecified,,,Company 3,EUR,Budget,3,3000,01/02/2026,,,,,,,,,,,,,,
2026,01/03/2026,UK,Global eTailers,Unspecified,,,Company 3,EUR,Budget,3,3000,01/03/2026,,,,,,,,,,,,,,
2026,01/04/2026,UK,Global eTailers,Unspecified,,,Company 3,EUR,Budget,3,3000,01/04/2026,,,,,,,,,,,,,,
2026,01/05/2026,UK,Global eTailers,Unspecified,,,Company 3,EUR,Budget,3,3000,01/05/2026,,,,,,,,,,,,,,
2026,01/06/2026,UK,Global eTailers,Unspecified,,,Company 3,EUR,Budget,3,3000,01/06/2026,,,,,,,,,,,,,,
2026,01/07/2026,UK,Global eTailers,Unspecified,,,Company 3,EUR,Budget,3,3000,01/07/2026,,,,,,,,,,,,,,
2026,01/08/2026,UK,Global eTailers,Unspecified,,,Company 3,EUR,Budget,3,3000,01/08/2026,,,,,,,,,,,,,,
2026,01/09/2026,UK,Global eTailers,Unspecified,,,Company 3,EUR,Budget,3,3000,01/09/2026,,,,,,,,,,,,,,
2026,01/10/2026,UK,Global eTailers,Unspecified,,,Company 3,EUR,Budget,3,3000,01/10/2026,,,,,,,,,,,,,,
2026,01/11/2026,UK,Global eTailers,Unspecified,,,Company 3,EUR,Budget,3,3000,01/11/2026,,,,,,,,,,,,,,
2026,01/12/2026,UK,Global eTailers,Unspecified,,,Company 3,EUR,Budget,3,3000,01/12/2026,,,,,,,,,,,,,,
2026,01/01/2026,UK,Retail,Unspecified,,,Company 1,EUR,Budget,19,19000,01/01/2026,,,,,,,,,,,,,,
2026,01/02/2026,UK,Retail,Unspecified,,,Company 1,EUR,Budget,23,23000,01/02/2026,,,,,,,,,,,,,,
2026,01/03/2026,UK,Retail,Unspecified,,,Company 1,EUR,Budget,26,26000,01/03/2026,,,,,,,,,,,,,,
2026,01/04/2026,UK,Retail,Unspecified,,,Company 1,EUR,Budget,26,26000,01/04/2026,,,,,,,,,,,,,,
2026,01/05/2026,UK,Retail,Unspecified,,,Company 1,EUR,Budget,26,26000,01/05/2026,,,,,,,,,,,,,,
2026,01/06/2026,UK,Retail,Unspecified,,,Company 1,EUR,Budget,26,26000,01/06/2026,,,,,,,,,,,,,,
2026,01/07/2026,UK,Retail,Unspecified,,,Company 1,EUR,Budget,25,25000,01/07/2026,,,,,,,,,,,,,,
2026,01/08/2026,UK,Retail,Unspecified,,,Company 1,EUR,Budget,23,23000,01/08/2026,,,,,,,,,,,,,,
2026,01/09/2026,UK,Retail,Unspecified,,,Company 1,EUR,Budget,31,31000,01/09/2026,,,,,,,,,,,,,,
2026,01/10/2026,UK,Retail,Unspecified,,,Company 1,EUR,Budget,37,37000,01/10/2026,,,,,,,,,,,,,,
2026,01/11/2026,UK,Retail,Unspecified,,,Company 1,EUR,Budget,34,34000,01/11/2026,,,,,,,,,,,,,,
2026,01/12/2026,UK,Retail,Unspecified,,,Company 1,EUR,Budget,26,26000,01/12/2026,,,,,,,,,,,,,,
2026,01/01/2026,UK,Spa,Unspecified,,,Company 1,EUR,Budget,14,14000,01/01/2026,,,,,,,,,,,,,,
2026,01/02/2026,UK,Spa,Unspecified,,,Company 1,EUR,Budget,14,14000,01/02/2026,,,,,,,,,,,,,,
2026,01/03/2026,UK,Spa,Unspecified,,,Company 1,EUR,Budget,16,16000,01/03/2026,,,,,,,,,,,,,,
2026,01/04/2026,UK,Spa,Unspecified,,,Company 1,EUR,Budget,16,16000,01/04/2026,,,,,,,,,,,,,,
2026,01/05/2026,UK,Spa,Unspecified,,,Company 1,EUR,Budget,16,16000,01/05/2026,,,,,,,,,,,,,,
2026,01/06/2026,UK,Spa,Unspecified,,,Company 1,EUR,Budget,13,13000,01/06/2026,,,,,,,,,,,,,,
2026,01/07/2026,UK,Spa,Unspecified,,,Company 1,EUR,Budget,12,12000,01/07/2026,,,,,,,,,,,,,,
2026,01/08/2026,UK,Spa,Unspecified,,,Company 1,EUR,Budget,11,11000,01/08/2026,,,,,,,,,,,,,,
2026,01/09/2026,UK,Spa,Unspecified,,,Company 1,EUR,Budget,17,17000,01/09/2026,,,,,,,,,,,,,,
2026,01/10/2026,UK,Spa,Unspecified,,,Company 1,EUR,Budget,18,18000,01/10/2026,,,,,,,,,,,,,,
2026,01/11/2026,UK,Spa,Unspecified,,,Company 1,EUR,Budget,16,16000,01/11/2026,,,,,,,,,,,,,,
2026,01/12/2026,UK,Spa,Unspecified,,,Company 1,EUR,Budget,13,13000,01/12/2026,,,,,,,,,,,,,,
2026,01/01/2026,USA,Amazon,Unspecified,,,Company 3,EUR,Budget,6,6000,01/01/2026,,,,,,,,,,,,,,
2026,01/02/2026,USA,Amazon,Unspecified,,,Company 3,EUR,Budget,11,11000,01/02/2026,,,,,,,,,,,,,,
2026,01/03/2026,USA,Amazon,Unspecified,,,Company 3,EUR,Budget,9,9000,01/03/2026,,,,,,,,,,,,,,
2026,01/04/2026,USA,Amazon,Unspecified,,,Company 3,EUR,Budget,4,4000,01/04/2026,,,,,,,,,,,,,,
2026,01/05/2026,USA,Amazon,Unspecified,,,Company 3,EUR,Budget,10,10000,01/05/2026,,,,,,,,,,,,,,
2026,01/06/2026,USA,Amazon,Unspecified,,,Company 3,EUR,Budget,8,8000,01/06/2026,,,,,,,,,,,,,,
2026,01/07/2026,USA,Amazon,Unspecified,,,Company 3,EUR,Budget,10,10000,01/07/2026,,,,,,,,,,,,,,
2026,01/08/2026,USA,Amazon,Unspecified,,,Company 3,EUR,Budget,12,12000,01/08/2026,,,,,,,,,,,,,,
2026,01/09/2026,USA,Amazon,Unspecified,,,Company 3,EUR,Budget,10,10000,01/09/2026,,,,,,,,,,,,,,
2026,01/10/2026,USA,Amazon,Unspecified,,,Company 3,EUR,Budget,10,10000,01/10/2026,,,,,,,,,,,,,,
2026,01/11/2026,USA,Amazon,Unspecified,,,Company 3,EUR,Budget,11,11000,01/11/2026,,,,,,,,,,,,,,
2026,01/12/2026,USA,Amazon,Unspecified,,,Company 3,EUR,Budget,11,11000,01/12/2026,,,,,,,,,,,,,,
2026,01/01/2026,USA,Own eCommerce,Unspecified,,,Company 3,EUR,Budget,31,31000,01/01/2026,,,,,,,,,,,,,,
2026,01/02/2026,USA,Own eCommerce,Unspecified,,,Company 3,EUR,Budget,31,31000,01/02/2026,,,,,,,,,,,,,,
2026,01/03/2026,USA,Own eCommerce,Unspecified,,,Company 3,EUR,Budget,34,34000,01/03/2026,,,,,,,,,,,,,,
2026,01/04/2026,USA,Own eCommerce,Unspecified,,,Company 3,EUR,Budget,32,32000,01/04/2026,,,,,,,,,,,,,,
2026,01/05/2026,USA,Own eCommerce,Unspecified,,,Company 3,EUR,Budget,34,34000,01/05/2026,,,,,,,,,,,,,,
2026,01/06/2026,USA,Own eCommerce,Unspecified,,,Company 3,EUR,Budget,33,33000,01/06/2026,,,,,,,,,,,,,,
2026,01/07/2026,USA,Own eCommerce,Unspecified,,,Company 3,EUR,Budget,34,34000,01/07/2026,,,,,,,,,,,,,,
2026,01/08/2026,USA,Own eCommerce,Unspecified,,,Company 3,EUR,Budget,31,31000,01/08/2026,,,,,,,,,,,,,,
2026,01/09/2026,USA,Own eCommerce,Unspecified,,,Company 3,EUR,Budget,35,35000,01/09/2026,,,,,,,,,,,,,,
2026,01/10/2026,USA,Own eCommerce,Unspecified,,,Company 3,EUR,Budget,35,35000,01/10/2026,,,,,,,,,,,,,,
2026,01/11/2026,USA,Own eCommerce,Unspecified,,,Company 3,EUR,Budget,36,36000,01/11/2026,,,,,,,,,,,,,,
2026,01/12/2026,USA,Own eCommerce,Unspecified,,,Company 3,EUR,Budget,40,40000,01/12/2026,,,,,,,,,,,,,,
2026,01/01/2026,USA,Retail,Unspecified,,,Company 1,EUR,Budget,2,2000,01/01/2026,,,,,,,,,,,,,,
2026,01/02/2026,USA,Retail,Unspecified,,,Company 1,EUR,Budget,2,2000,01/02/2026,,,,,,,,,,,,,,
2026,01/03/2026,USA,Retail,Unspecified,,,Company 1,EUR,Budget,2,2000,01/03/2026,,,,,,,,,,,,,,
2026,01/04/2026,USA,Retail,Unspecified,,,Company 1,EUR,Budget,2,2000,01/04/2026,,,,,,,,,,,,,,
2026,01/05/2026,USA,Retail,Unspecified,,,Company 1,EUR,Budget,2,2000,01/05/2026,,,,,,,,,,,,,,
2026,01/06/2026,USA,Retail,Unspecified,,,Company 1,EUR,Budget,2,2000,01/06/2026,,,,,,,,,,,,,,
2026,01/07/2026,USA,Retail,Unspecified,,,Company 1,EUR,Budget,2,2000,01/07/2026,,,,,,,,,,,,,,
2026,01/08/2026,USA,Retail,Unspecified,,,Company 1,EUR,Budget,1,1000,01/08/2026,,,,,,,,,,,,,,
2026,01/09/2026,USA,Retail,Unspecified,,,Company 1,EUR,Budget,2,2000,01/09/2026,,,,,,,,,,,,,,
2026,01/10/2026,USA,Retail,Unspecified,,,Company 1,EUR,Budget,2,2000,01/10/2026,,,,,,,,,,,,,,
2026,01/11/2026,USA,Retail,Unspecified,,,Company 1,EUR,Budget,2,2000,01/11/2026,,,,,,,,,,,,,,
2026,01/12/2026,USA,Retail,Unspecified,,,Company 1,EUR,Budget,1,1000,01/12/2026,,,,,,,,,,,,,,
2026,01/01/2026,USA,Spa,Unspecified,,,Company 1,EUR,Budget,63,63000,01/01/2026,,,,,,,,,,,,,,
2026,01/02/2026,USA,Spa,Unspecified,,,Company 1,EUR,Budget,73,73000,01/02/2026,,,,,,,,,,,,,,
2026,01/03/2026,USA,Spa,Unspecified,,,Company 1,EUR,Budget,80,80000,01/03/2026,,,,,,,,,,,,,,
2026,01/04/2026,USA,Spa,Unspecified,,,Company 1,EUR,Budget,80,80000,01/04/2026,,,,,,,,,,,,,,
2026,01/05/2026,USA,Spa,Unspecified,,,Company 1,EUR,Budget,80,80000,01/05/2026,,,,,,,,,,,,,,
2026,01/06/2026,USA,Spa,Unspecified,,,Company 1,EUR,Budget,83,83000,01/06/2026,,,,,,,,,,,,,,
2026,01/07/2026,USA,Spa,Unspecified,,,Company 1,EUR,Budget,83,83000,01/07/2026,,,,,,,,,,,,,,
2026,01/08/2026,USA,Spa,Unspecified,,,Company 1,EUR,Budget,67,67000,01/08/2026,,,,,,,,,,,,,,
2026,01/09/2026,USA,Spa,Unspecified,,,Company 1,EUR,Budget,90,90000,01/09/2026,,,,,,,,,,,,,,
2026,01/10/2026,USA,Spa,Unspecified,,,Company 1,EUR,Budget,108,108000,01/10/2026,,,,,,,,,,,,,,
2026,01/11/2026,USA,Spa,Unspecified,,,Company 1,EUR,Budget,100,100000,01/11/2026,,,,,,,,,,,,,,
2026,01/12/2026,USA,Spa,Unspecified,,,Company 1,EUR,Budget,75,75000,01/12/2026,,,,,,,,,,,,,,
,,,,,,,,,,,,,,,,,,,,,,,,,,
,,,,,,,,,,,,,,,,,,,,,,,,,,
,,,,,,,,,,,,,,,,,,,,,,,,,,
,,,,,,,,,,,,,,,,,,,,,,,,,,
,,,,,,,,,,,,,,,,,,,,,,,,,,
,,,,,,,,,,,,,,,,,,,,,,,,,,
,,,,,,,,,,,,,,,,,,,,,,,,,,
,,,,,,,,,,,,,,,,,,,,,,,,,,
,,,,,,,,,,,,,,,,,,,,,,,,,,
,,,,,,,,,,,,,,,,,,,,,,,,,,
,,,,,,,,,,,,,,,,,,,,,,,,,,
